{
	"BaseWorld": {
		"Type": "World",
		"Value": {
			"FirstSector": {
				"Type": "Sector",
				"Value": {
					"Player": {
						"Type": "Entity",
						"Class": "Entity",
						"Value": {
							"Run": {
								"Type": "Action",
								"Class": "ActionList",
								"Value": {
									"Walk": {
										"Type": "Action",
										"Class": "ActionList",
										"Value": {
											"Speed": {
												"Type": "Integer",
												"Value": "350"
											}
										}
									},
									"Stop": {
										"Type": "Action",
										"Class": "ActionList",
										"Value": {
											"Speed": {
												"Type": "Integer",
												"Value": "0"
											}
										}
									},
									"iftest": {
										"Type": "Action",
										"Class": "IfAction",
										"Value": {
											"Condition": {
												"Type": "Integer",
												"Value": "1"
											},
											"If": {
												"Type": "Action",
												"Class": "ActionList",
												"Value": {
													"TrueDatum": {
														"Type": "String",
														"Value": "True"
													}
												}
											},
											"Else": {
												"Type": "Action",
												"Class": "ActionList",
												"Value": {
													"FalseDatum": {
														"Type": "String",
														"Value": "False"
													}
												}
											}
										}
									},
									"CreateAction": {
										"Type": "Action",
										"Class": "ActionCreateAction",
										"Value": {
											"NewActionClass": {
												"Type": "String",
												"Value": "ActionList"
											},
											"NewActionName": {
												"Type": "String",
												"Value": "Jump"
											}
										}
									},
									"DeleteAction": {
										"Type": "Action",
										"Class": "ActionDeleteAction",
										"Value": {
											"DeleteActionName": {
												"Type": "String",
												"Value": "CreateTestAction"
											}
										}
									}
								}
							},
							"CreateTestAction": {
								"Type": "Action",
								"Class": "ActionCreateAction",
								"Value": {
									"NewActionClass": {
										"Type": "String",
										"Value": "ActionList"
									},
									"NewActionName": {
										"Type": "String",
										"Value": "Fly"
									}
								}
							}
						}
					}
				}
			}
		}
	}
}