{
	"BaseWorld": {
		"Type": "World",
		"Value": {
			"FirstSector": {
				"Type": "Sector",
				"Value": {
					"Player": {
						"Type": "Entity",
						"Class": "Entity",
						"Value": {
							"Health": {
								"Type": "Integer",
								"Value": "100"
							}
						}
					}
				}
			},
			"SecondSector": {
				"Type": "Sector",
				"Value": {
					"Blob": {
						"Type": "Entity",
						"Class": "Entity",
						"Value": {
							"Health": {
								"Type": "Integer",
								"Value": "200"
							}
						}
					},
					"Boss": {
						"Type": "Entity",
						"Class": "Entity",
						"Value": {
							"Health": {
								"Type": "Integer",
								"Value": "9001"
							}
						}
					}
				}
			}
		}
	}
}