{
	"BaseWorld": {
		"Type": "World",
		"Value": {
			"FirstSector": {
				"Type": "Sector",
				"Value": {
					"Player": {
						"Type": "Entity",
						"Class": "Entity",
						"Value": {
							"Run": {
								"Type": "Action",
								"Class": "ActionList",
								"Value": {
									"Walk": {
										"Type": "Action",
										"Class": "ActionList",
										"Value": {
											"Speed": {
												"Type": "Integer",
												"Value": "350"
											}
										}
									},
									"TestActionEvent": {
										"Type": "Action",
										"Class": "ActionEvent",
										"Value": {
											"Subtype": {
												"Type": "String",
												"Value": "String"
											},
											"Delay": {
												"Type": "Integer",
												"Value": "1000"
											},
											"Aux": {
												"Type": "Integer",
												"Value": "10"
											},
											"AuxScope": {
												"Type": "Scope",
												"Value": {
													"TempDatum": {
														"Type": "Float",
														"Value": "516"
													}
												}
											}
										}
									}
								}
							}
						}
					}
				}
			},
			"TestReaction": {
				"Type": "Reaction",
				"Class": "ReactionAttributed",
				"Value": {
					"Subtype": {
						"Type": "String",
						"Value": "String"
					}
				}
			}
		}
	}
}