{
  "Player":
  {
    "Type": "Scope",
    "Value":
    {
        "Health":
        {
          "Type" : "Integer",
          "Value" : "100"
        },
        "Name" :
        {
          "Type" : "String",
          "Value" : "DarkLord"
        },
        "ContrivedScope":
        {
            "Type": "Scope",
            "Value":
            {
              "ConctrivedDatum":
              {
                "Type" : "Vector",
                "Value": "vec4(0.5,0.3,1.5,0)"
              }
            }
        }
    }
  },
  "DistanceFromPlayer":
  {
    "Type" : "Float",
    "Value" : ["15.5","20","63"]
  }
}