{
	"TestScope": {
		"Type": "Scope",
		"Value": {
			"TestInt": {
				"Type": "Integer",
				"Value": "100"
			}
		}
	},
	"BaseWorld": {
		"Type": "World",
		"Value": {
			"FirstSector": {
				"Type": "Sector",
				"Value": {
					"Player": {
						"Type": "Entity",
						"Value": {
							"Health": {
								"Type": "Integer",
								"Value": "100"
							},
							"Name": {
								"Type": "String",
								"Value": "DarkLord"
							}
						}
					}
				}
			}
		}
	}
}